CaseNum,Model,GA_Weeks,GA_Days,Temp_F,ROM_Hours,GBS_Status,Antibiotics,Incidence,KP_RiskAtBirth,KP_WellAppearing,KP_Equivocal,KP_ClinicalIllness,Debug,Timestamp
1,2024,40,0,98.0,0,Negative,none,0.5,0.07,0.03,0.26,1.03,,2026-05-17 16:18:17
2,2024,40,0,98.5,0,Negative,none,0.5,0.11,0.04,0.4,1.57,,2026-05-17 16:18:32
3,2024,40,0,99.0,0,Negative,none,0.5,0.17,0.06,0.61,2.41,,2026-05-17 16:18:48
4,2024,40,0,99.5,0,Negative,none,0.5,0.25,0.09,0.93,3.68,,2026-05-17 16:19:04
5,2024,40,0,100.0,0,Negative,none,0.5,0.39,0.14,1.42,5.62,,2026-05-17 16:19:19
6,2024,40,0,100.5,0,Negative,none,0.5,0.6,0.21,2.17,8.58,,2026-05-17 16:19:35
7,2024,40,0,101.0,0,Negative,none,0.5,0.91,0.33,3.33,13.08,,2026-05-17 16:19:51
8,2024,40,0,101.5,0,Negative,none,0.5,1.4,0.5,5.08,19.89,,2026-05-17 16:20:06
9,2024,40,0,102.0,0,Negative,none,0.5,2.14,0.77,7.76,30.14,,2026-05-17 16:20:22
10,2024,40,0,98.0,6,Negative,none,0.5,0.15,0.06,0.56,2.21,,2026-05-17 16:20:37
11,2024,40,0,98.0,12,Negative,none,0.5,0.18,0.07,0.67,2.66,,2026-05-17 16:20:53
12,2024,40,0,98.0,18,Negative,none,0.5,0.21,0.07,0.76,2.99,,2026-05-17 16:21:09
13,2024,40,0,98.0,24,Negative,none,0.5,0.23,0.08,0.83,3.28,,2026-05-17 16:21:24
14,2024,40,0,98.0,36,Negative,none,0.5,0.26,0.09,0.95,3.76,,2026-05-17 16:21:40
15,2024,40,0,98.0,48,Negative,none,0.5,0.29,0.1,1.06,4.18,,2026-05-17 16:21:56
16,2024,40,0,98.0,72,Negative,none,0.5,0.34,0.12,1.24,4.9,,2026-05-17 16:22:11
17,2024,35,0,98.0,0,Negative,none,0.5,0.39,0.14,1.42,5.62,,2026-05-17 16:22:27
18,2024,36,0,98.0,0,Negative,none,0.5,0.19,0.07,0.68,2.7,,2026-05-17 16:22:43
19,2024,37,0,98.0,0,Negative,none,0.5,0.11,0.04,0.4,1.58,,2026-05-17 16:22:58
20,2024,38,0,98.0,0,Negative,none,0.5,0.08,0.03,0.28,1.13,,2026-05-17 16:23:14
21,2024,39,0,98.0,0,Negative,none,0.5,0.07,0.02,0.25,0.97,,2026-05-17 16:23:29
22,2024,41,0,98.0,0,Negative,none,0.5,0.09,0.03,0.33,1.32,,2026-05-17 16:23:45
23,2024,42,0,98.0,0,Negative,none,0.5,0.14,0.05,0.52,2.06,,2026-05-17 16:24:01
24,2024,37,3,98.0,0,Negative,none,0.5,0.09,0.03,0.34,1.33,,2026-05-17 16:24:16
25,2024,39,3,98.0,0,Negative,none,0.5,0.07,0.02,0.25,0.97,,2026-05-17 16:24:32
26,2024,40,3,98.0,0,Negative,none,0.5,0.08,0.03,0.28,1.12,,2026-05-17 16:24:48
27,2024,40,0,98.0,0,Positive,none,0.5,0.2,0.07,0.72,2.85,,2026-05-17 16:25:03
28,2024,40,0,98.0,0,Unknown,none,0.5,0.22,0.08,0.81,3.2,,2026-05-17 16:25:19
29,2024,40,0,98.0,0,Positive,broad4,0.5,0.02,0.01,0.07,0.28,,2026-05-17 16:25:34
30,2024,40,0,98.0,0,Positive,broad2,0.5,0.02,0.01,0.09,0.34,,2026-05-17 16:25:50
31,2024,40,0,98.0,0,Positive,gbs2,0.5,0.02,0.01,0.09,0.34,,2026-05-17 16:26:06
32,2024,35,0,101.0,24,Positive,none,0.5,42.74,15.82,140.13,392.97,,2026-05-17 16:26:21
33,2024,38,0,100.0,18,Unknown,none,0.5,3.87,1.4,13.98,53.33,,2026-05-17 16:26:37
34,2024,37,0,100.5,12,Negative,none,0.5,2.37,0.86,8.61,33.34,,2026-05-17 16:26:53
35,2024,39,0,99.5,6,Positive,none,0.5,1.44,0.52,5.25,20.54,,2026-05-17 16:27:08
36,2024,35,0,102.0,48,Positive,none,0.5,117.77,45.85,327.62,659.36,,2026-05-17 16:27:24
37,2024,36,0,101.0,36,Unknown,none,0.5,26.84,9.83,91.46,285.66,,2026-05-17 16:27:40
38,2017,40,0,98.0,0,Negative,none,0.5,0.02,0.01,0.12,0.49,,2026-05-17 16:27:55
39,2017,40,0,99.0,0,Negative,none,0.5,0.05,0.02,0.27,1.16,,2026-05-17 16:28:10
40,2017,40,0,100.0,0,Negative,none,0.5,0.13,0.05,0.65,2.77,,2026-05-17 16:28:25
41,2017,40,0,101.0,0,Negative,none,0.5,0.31,0.13,1.56,6.57,,2026-05-17 16:28:40
42,2017,40,0,102.0,0,Negative,none,0.5,0.74,0.3,3.7,15.5,,2026-05-17 16:28:55
43,2017,40,0,98.0,12,Negative,none,0.5,0.09,0.04,0.44,1.87,,2026-05-17 16:29:10
44,2017,40,0,98.0,24,Negative,none,0.5,0.12,0.05,0.6,2.52,,2026-05-17 16:29:25
45,2017,40,0,98.0,48,Negative,none,0.5,0.17,0.07,0.84,3.55,,2026-05-17 16:29:40
46,2017,35,0,98.0,0,Negative,none,0.5,0.14,0.06,0.68,2.88,,2026-05-17 16:29:55
47,2017,37,0,98.0,0,Negative,none,0.5,0.04,0.02,0.2,0.84,,2026-05-17 16:30:10
48,2017,39,0,98.0,0,Negative,none,0.5,0.02,0.01,0.12,0.49,,2026-05-17 16:30:25
49,2017,40,0,98.0,0,Positive,none,0.5,0.04,0.02,0.21,0.87,,2026-05-17 16:30:40
50,2017,40,0,98.0,0,Unknown,none,0.5,0.02,0.01,0.12,0.51,,2026-05-17 16:30:55
51,2017,35,0,101.0,24,Positive,none,0.5,16.64,6.89,78.01,264.02,,2026-05-17 16:31:10
52,2017,38,0,100.0,18,Unknown,none,0.5,0.74,0.31,3.71,15.55,,2026-05-17 16:31:26
53,2017,40,0,98.0,0,Positive,broad4,0.5,0.01,0.01,0.06,0.27,,2026-05-17 16:51:55
54,2017,40,0,98.0,0,Positive,broad2,0.5,0.01,0.01,0.07,0.3,,2026-05-17 16:52:11
55,2017,40,0,98.0,0,Positive,gbs2,0.5,0.01,0.01,0.07,0.3,,2026-05-17 16:52:26
56,2017,38,0,100.0,12,Positive,broad4,0.5,0.33,0.13,1.64,6.9,,2026-05-17 16:52:41
57,2017,38,0,100.0,12,Positive,gbs2,0.5,0.38,0.15,1.88,7.91,,2026-05-17 16:52:56
